[
	{
		"symbol":"TRX",
		"address":"0xf230b790e05390fc8295f4d3f60332c93bed42e2",
		"decimals":6,
		"name":"Tron Lab Token",
		"ens_address":"",
		"website":"https://tronlab.com/en.html",
		"logo":{
			"src":"",
			"width":"",
			"height":"",
			"ipfs_hash":""
		},
		"support":{
			"email":"service@tronlab.com",
			"url":""
		},
		"social":{
			"blog":"",
			"chat":"",
			"facebook":"https://www.facebook.com/TronFoundation-144555002795817",
			"forum":"",
			"github":"",
			"gitter":"",
			"instagram":"",
			"linkedin":"",
			"reddit":"",
			"slack":"https://tronfoundation.slack.com",
			"telegram":"https://t.me/joinchat/GIjGvkK7dhnO8gapCPfqew",
			"twitter":"https://twitter.com/tronfoundation",
			"youtube":""
		}
	},
	{
		"symbol":"BNB",
		"address":"0xb8c77482e45f1f44de1745f52c74426c631bdd52",
		"decimals":18,
		"name":"BNB",
		"ens_address":"",
		"website":"https://www.binance.com",
		"logo":{
			"src":"https://etherscan.io/token/images/binance_28.png",
			"width":28,
			"height":28,
			"ipfs_hash":""
		},
		"support":{
			"email":"support@binance.zendesk.com",
			"url":""
		},
		"social":{
			"blog":"",
			"chat":"",
			"facebook":"https://www.facebook.com/binance2017",
			"forum":"",
			"github":"",
			"gitter":"",
			"instagram":"",
			"linkedin":"",
			"reddit":"https://www.reddit.com/r/binance",
			"slack":"",
			"telegram":"",
			"twitter":"https://twitter.com/binance_2017",
			"youtube":""
		}
	},
	{
		"symbol":"VEN",
		"address":"0xD850942eF8811f2A866692A623011bDE52a462C1",
		"decimals":18,
		"name":"Vechain",
		"ens_address":"",
		"website":"https://tokensale.vechain.com/en",
		"logo":{
			"src":"",
			"width":"",
			"height":"",
			"ipfs_hash":""
		},
		"support":{
			"email":"support@vechain.com",
			"url":""
		},
		"social":{
			"blog":"",
			"chat":"http://u.wechat.com/MH_e7eabTidsPXiG842RsHM",
			"facebook":"",
			"forum":"",
			"github":"https://github.com/vechain-team",
			"gitter":"",
			"instagram":"",
			"linkedin":"",
			"reddit":"",
			"slack":"https://vechainofficial.slack.com",
			"telegram":"",
			"twitter":"",
			"youtube":""
		}
	},
	{
		"symbol":"OMG",
		"address":"0xd26114cd6EE289AccF82350c8d8487fedB8A0C07",
		"decimals":18,
		"name":"OMG",
		"ens_address":"",
		"website":"",
		"logo":{
			"src":"",
			"width":"",
			"height":"",
			"ipfs_hash":""
		},
		"support":{
			"email":"",
			"url":""
		},
		"social":{
			"blog":"",
			"chat":"",
			"facebook":"",
			"forum":"",
			"github":"",
			"gitter":"",
			"instagram":"",
			"linkedin":"",
			"reddit":"",
			"slack":"",
			"telegram":"",
			"twitter":"",
			"youtube":""
		}
	},
	{
		"symbol":"ICX",
		"address":"0xb5a5f22694352c15b00323844ad545abb2b11028",
		"decimals":18,
		"name":"ICON",
		"ens_address":"",
		"website":"https://www.icon.foundation",
		"logo":{
			"src":"",
			"width":"",
			"height":"",
			"ipfs_hash":""
		},
		"support":{
			"email":"hello@icon.foundation",
			"url":""
		},
		"social":{
			"blog":"https://medium.com/helloiconworld",
			"chat":"",
			"facebook":"",
			"forum":"",
			"github":"",
			"gitter":"",
			"instagram":"",
			"linkedin":"",
			"reddit":"https://www.reddit.com/r/icon",
			"slack":"",
			"telegram":"https://t.me/joinchat/Fqw4igkkVmYtj--ZVi-QcA",
			"twitter":"https://twitter.com/helloiconworld",
			"youtube":""
		}
	},
	{
		"symbol":"ZIL",
		"address":"0x05f4a42e251f2d52b8ed15E9FEdAacFcEF1FAD27",
		"decimals":12,
		"name":"Zilliqa",
		"ens_address":"",
		"website":"https://www.zilliqa.com/",
		"logo":{
			"src":"",
			"width":"",
			"height":"",
			"ipfs_hash":""
		},
		"support":{
			"email":"enquiry@zilliqa.com",
			"url":""
		},
		"social":{
			"blog":"",
			"chat":"",
			"facebook":"",
			"forum":"",
			"github":"https://github.com/zilliqa",
			"gitter":"",
			"instagram":"",
			"linkedin":"",
			"reddit":"https://www.reddit.com/r/zilliqa/",
			"slack":"",
			"telegram":"https://t.me/zilliqa",
			"twitter":"https://twitter.com/zilliqa",
			"youtube":"https://www.youtube.com/channel/UCvinnFbf0u71cajoxKcfZIQ"
		}
	},
	{
		"symbol":"AE",
		"address":"0x5ca9a71b1d01849c0a95490cc00559717fcf0d1d",
		"decimals":18,
		"name":"aeternity",
		"ens_address":"",
		"website":"https://www.aeternity.com/",
		"logo":{
			"src":"",
			"width":"",
			"height":"",
			"ipfs_hash":""
		},
		"support":{
			"email":"info@aeternity.com",
			"url":""
		},
		"social":{
			"blog":"https://blog.aeternity.com/",
			"chat":"",
			"facebook":"https://www.facebook.com/aeternityproject/",
			"forum":"",
			"github":"https://github.com/aeternity",
			"gitter":"",
			"instagram":"",
			"linkedin":"",
			"reddit":"https://www.reddit.com/r/Aeternity/",
			"slack":"",
			"telegram":"https://telegram.me/aeternity",
			"twitter":"https://twitter.com/aetrnty",
			"youtube":""
		}
	},
	{
		"symbol":"BTM",
		"address":"0xcb97e65f07da24d46bcdd078ebebd7c6e6e3d750",
		"decimals":8,
		"name":"Bytom",
		"ens_address":"",
		"website":"https://bytom.io",
		"logo":{
			"src":"https://etherscan.io/token/images/bytom_28.png",
			"width":28,
			"height":28,
			"ipfs_hash":""
		},
		"support":{
			"email":"contact@bytom.io",
			"url":""
		},
		"social":{
			"blog":"",
			"chat":"",
			"facebook":"",
			"forum":"",
			"github":"https://github.com/bytom",
			"gitter":"",
			"instagram":"",
			"linkedin":"",
			"reddit":"",
			"slack":"",
			"telegram":"",
			"twitter":"https://twitter.com/Bytom_Official",
			"youtube":""
		}
	},
	{
		"symbol":"ZRX",
		"address":"0xE41d2489571d322189246DaFA5ebDe1F4699F498",
		"decimals":18,
		"name":"0x Project",
		"ens_address":"",
		"website":"",
		"logo":{
			"src":"",
			"width":"",
			"height":"",
			"ipfs_hash":""
		},
		"support":{
			"email":"",
			"url":""
		},
		"social":{
			"blog":"",
			"chat":"",
			"facebook":"",
			"forum":"",
			"github":"",
			"gitter":"",
			"instagram":"",
			"linkedin":"",
			"reddit":"",
			"slack":"",
			"telegram":"",
			"twitter":"",
			"youtube":""
		}
	},
	{
		"symbol":"REP",
		"address":"0xE94327D07Fc17907b4DB788E5aDf2ed424adDff6",
		"decimals":18,
		"name":"Augur",
		"ens_address":"",
		"website":"https://augur.net",
		"logo":{
			"src":"",
			"width":"",
			"height":"",
			"ipfs_hash":""
		},
		"support":{
			"email":"",
			"url":""
		},
		"social":{
			"blog":"",
			"chat":"",
			"facebook":"",
			"forum":"",
			"github":"",
			"gitter":"",
			"instagram":"",
			"linkedin":"",
			"reddit":"https://www.reddit.com/r/Augur",
			"slack":"https://invite.augur.net",
			"telegram":"",
			"twitter":"",
			"youtube":""
		}
	},
	{
		"symbol":"RHOC",
		"address":"0x168296bb09e24a88805cb9c33356536b980d3fc5",
		"decimals":8,
		"name":"RHOC",
		"ens_address":"",
		"website":"",
		"logo":{

		},
		"support":{

		},
		"social":{
			"blog":"",
			"chat":"",
			"facebook":"",
			"forum":"",
			"github":"",
			"gitter":"",
			"instagram":"",
			"linkedin":"",
			"reddit":"",
			"slack":"",
			"telegram":"",
			"twitter":"",
			"youtube":""
		}
	},
	{
		"symbol":"MKR",
		"address":"0x9f8F72aA9304c8B593d555F12eF6589cC3A579A2",
		"decimals":18,
		"name":"MakerDAO",
		"ens_address":"",
		"website":"https://makerdao.com",
		"logo":{
			"src":"",
			"width":"",
			"height":"",
			"ipfs_hash":""
		},
		"support":{
			"email":"support@makerdao.com",
			"url":"https://chat.makerdao.com"
		},
		"social":{
			"blog":"",
			"chat":"https://chat.makerdao.com",
			"facebook":"",
			"forum":"",
			"github":"https://github.com/makerdao",
			"gitter":"",
			"instagram":"",
			"linkedin":"",
			"reddit":"https://reddit.com/r/makerdao",
			"slack":"",
			"telegram":"",
			"twitter":"https://twitter.com/MakerDAO",
			"youtube":""
		}
	},
	{
		"symbol":"GNT",
		"address":"0xa74476443119A942dE498590Fe1f2454d7D4aC0d",
		"decimals":18,
		"name":"Golem",
		"ens_address":"",
		"website":"https://golem.network",
		"logo":{
			"src":"",
			"width":"",
			"height":"",
			"ipfs_hash":""
		},
		"support":{
			"email":"",
			"url":""
		},
		"social":{
			"blog":"",
			"chat":"",
			"facebook":"",
			"forum":"",
			"github":"",
			"gitter":"",
			"instagram":"",
			"linkedin":"",
			"reddit":"",
			"slack":"https://golemproject.org:3000",
			"telegram":"",
			"twitter":"",
			"youtube":""
		}
	},
	{
		"symbol":"PPT",
		"address":"0xd4fa1460F537bb9085d22C7bcCB5DD450Ef28e3a",
		"decimals":8,
		"name":"Populous",
		"ens_address":"",
		"website":"https://populous.co",
		"logo":{
			"src":"",
			"width":"",
			"height":"",
			"ipfs_hash":""
		},
		"support":{
			"email":"info@populous.co",
			"url":""
		},
		"social":{
			"blog":"https://medium.com/@BitPopulous",
			"chat":"",
			"facebook":"",
			"forum":"",
			"github":"",
			"gitter":"",
			"instagram":"",
			"linkedin":"",
			"reddit":"",
			"slack":"",
			"telegram":"",
			"twitter":"",
			"youtube":""
		}
	},
	{
		"symbol":"WTC",
		"address":"0xb7cb1c96db6b22b0d3d9536e0108d062bd488f74",
		"decimals":18,
		"name":"Walton",
		"ens_address":"",
		"website":"",
		"logo":{
			"src":"",
			"width":"",
			"height":"",
			"ipfs_hash":""
		},
		"support":{
			"email":"",
			"url":""
		},
		"social":{
			"blog":"",
			"chat":"",
			"facebook":"",
			"forum":"",
			"github":"",
			"gitter":"",
			"instagram":"",
			"linkedin":"",
			"reddit":"",
			"slack":"",
			"telegram":"",
			"twitter":"",
			"youtube":""
		}
	},
	{
		"symbol":"SNT",
		"address":"0x744d70FDBE2Ba4CF95131626614a1763DF805B9E",
		"decimals":18,
		"name":"Status Network Token",
		"ens_address":"",
		"website":"https://status.im",
		"logo":{
			"src":"",
			"width":"",
			"height":"",
			"ipfs_hash":""
		},
		"support":{
			"email":"",
			"url":""
		},
		"social":{
			"blog":"",
			"chat":"",
			"facebook":"",
			"forum":"",
			"github":"",
			"gitter":"",
			"instagram":"",
			"linkedin":"",
			"reddit":"",
			"slack":"",
			"telegram":"",
			"twitter":"",
			"youtube":""
		}
	},
	{
		"symbol":"BAT",
		"address":"0x0D8775F648430679A709E98d2b0Cb6250d2887EF",
		"decimals":18,
		"name":"BAT",
		"ens_address":"",
		"website":"",
		"logo":{
			"src":"",
			"width":"",
			"height":"",
			"ipfs_hash":""
		},
		"support":{
			"email":"",
			"url":""
		},
		"social":{
			"blog":"",
			"chat":"",
			"facebook":"",
			"forum":"",
			"github":"",
			"gitter":"",
			"instagram":"",
			"linkedin":"",
			"reddit":"",
			"slack":"",
			"telegram":"",
			"twitter":"",
			"youtube":""
		}
	},
	{
		"symbol":"NAS",
		"address":"0x5d65D971895Edc438f465c17DB6992698a52318D",
		"decimals":18,
		"name":"Nebulas",
		"ens_address":"",
		"website":"",
		"logo":{

		},
		"support":{

		},
		"social":{
			"blog":"",
			"chat":"",
			"facebook":"",
			"forum":"",
			"github":"",
			"gitter":"",
			"instagram":"",
			"linkedin":"",
			"reddit":"",
			"slack":"",
			"telegram":"",
			"twitter":"",
			"youtube":""
		}
	},
	{
		"symbol":"AION",
		"address":"0x4CEdA7906a5Ed2179785Cd3A40A69ee8bc99C466",
		"decimals":8,
		"name":"Aion",
		"ens_address":"",
		"website":"https://aion.network/",
		"logo":{
			"src":"",
			"width":"",
			"height":"",
			"ipfs_hash":""
		},
		"support":{
			"email":"",
			"url":""
		},
		"social":{
			"blog":"https://blog.aion.network/",
			"chat":"",
			"facebook":"https://www.facebook.com/AionBlockchain/",
			"forum":"https://forum.aion.network/",
			"github":"https://github.com/aionnetwork",
			"gitter":"",
			"instagram":"",
			"linkedin":"https://linkedin.com/company/aion-network",
			"reddit":"",
			"slack":"",
			"telegram":"https://t.me/aion_blockchain",
			"twitter":"https://twitter.com/Aion_Network",
			"youtube":"https://youtube.com/channel/UCu4u9tYEgUyNL9KMgrCZvXQ"
		}
	},
	{
		"symbol":"DGD",
		"address":"0xE0B7927c4aF23765Cb51314A0E0521A9645F0E2A",
		"decimals":9,
		"name":"Digix DAO",
		"ens_address":"",
		"website":"https://www.dgx.io",
		"logo":{
			"src":"",
			"width":"",
			"height":"",
			"ipfs_hash":""
		},
		"support":{
			"email":"",
			"url":""
		},
		"social":{
			"blog":"",
			"chat":"",
			"facebook":"",
			"forum":"",
			"github":"",
			"gitter":"",
			"instagram":"",
			"linkedin":"",
			"reddit":"https://www.reddit.com/r/digix",
			"slack":"",
			"telegram":"",
			"twitter":"",
			"youtube":""
		}
	},
	{
		"symbol":"IOST",
		"address":"0xFA1a856Cfa3409CFa145Fa4e20Eb270dF3EB21ab",
		"decimals":18,
		"name":"IOSToken",
		"ens_address":"",
		"website":"https://iost.io/",
		"logo":{
			"src":"",
			"width":"",
			"height":"",
			"ipfs_hash":""
		},
		"support":{
			"email":"",
			"url":""
		},
		"social":{
			"blog":"https://medium.com/@iostoken",
			"chat":"",
			"facebook":"",
			"forum":"",
			"github":"",
			"gitter":"",
			"instagram":"",
			"linkedin":"",
			"reddit":"",
			"slack":"",
			"telegram":"https://t.me/officialios",
			"twitter":"https://twitter.com/iostoken",
			"youtube":""
		}
	},
	{
		"symbol":"HT",
		"address":"0x6f259637dcd74c767781e37bc6133cd6a68aa161",
		"decimals":18,
		"name":"HuobiToken",
		"ens_address":"",
		"website":"",
		"logo":{

		},
		"support":{

		},
		"social":{
			"blog":"",
			"chat":"",
			"facebook":"",
			"forum":"",
			"github":"",
			"gitter":"",
			"instagram":"",
			"linkedin":"",
			"reddit":"",
			"slack":"",
			"telegram":"",
			"twitter":"",
			"youtube":""
		}
	},
	{
		"symbol":"LRC",
		"address":"0xEF68e7C694F40c8202821eDF525dE3782458639f",
		"decimals":18,
		"name":"LRC",
		"ens_address":"",
		"website":"https://loopring.org",
		"logo":{
			"src":"",
			"width":"",
			"height":"",
			"ipfs_hash":""
		},
		"support":{
			"email":"foundation@loopring.org",
			"url":""
		},
		"social":{
			"blog":"",
			"chat":"",
			"facebook":"",
			"forum":"",
			"github":"",
			"gitter":"",
			"instagram":"",
			"linkedin":"",
			"reddit":"",
			"slack":"",
			"telegram":"",
			"twitter":"https://twitter.com/loopringorg",
			"youtube":""
		}
	},
	{
		"symbol":"BNT",
		"address":"0x1F573D6Fb3F13d689FF844B4cE37794d79a7FF1C",
		"decimals":18,
		"name":"Bancor",
		"ens_address":"",
		"website":"",
		"logo":{
			"src":"",
			"width":"",
			"height":"",
			"ipfs_hash":""
		},
		"support":{
			"email":"",
			"url":""
		},
		"social":{
			"blog":"",
			"chat":"",
			"facebook":"",
			"forum":"",
			"github":"",
			"gitter":"",
			"instagram":"",
			"linkedin":"",
			"reddit":"",
			"slack":"",
			"telegram":"",
			"twitter":"",
			"youtube":""
		}
	},
	{
		"symbol":"ELF",
		"address":"0xbf2179859fc6d5bee9bf9158632dc51678a4100e",
		"decimals":18,
		"name":"ELF Token",
		"ens_address":"",
		"website":"https://aelf.io/",
		"logo":{
			"src":"",
			"width":"",
			"height":"",
			"ipfs_hash":""
		},
		"support":{
			"email":"",
			"url":""
		},
		"social":{
			"blog":"",
			"chat":"",
			"facebook":"https://www.facebook.com/aelfio/",
			"forum":"",
			"github":"https://github.com/aelfProject",
			"gitter":"",
			"instagram":"",
			"linkedin":"",
			"reddit":"https://www.reddit.com/r/aelfofficial/",
			"slack":"https://slack.aelf.io/",
			"telegram":"https://t.me/aelfblockchain",
			"twitter":"https://twitter.com/aelfblockchain",
			"youtube":""
		}
	},
	{
		"symbol":"CMT",
		"address":"0xf85fEea2FdD81d51177F6b8F35F0e6734Ce45F5F",
		"decimals":18,
		"name":"CyberMiles Token",
		"ens_address":"",
		"website":"https://cm.5miles.com",
		"logo":{
			"src":"http://res.5milesapp.com/image/upload/v1512116368/ico/cmt28.png",
			"width":28,
			"height":28,
			"ipfs_hash":""
		},
		"support":{
			"email":"contact@5miles.com",
			"url":""
		},
		"social":{
			"blog":"http://www.cybermiles.io",
			"chat":"",
			"facebook":"https://www.facebook.com/cybermiles",
			"forum":"",
			"github":"https://github.com/CyberMiles",
			"gitter":"",
			"instagram":"",
			"linkedin":"",
			"reddit":"https://www.reddit.com/user/CyberMiles",
			"slack":"https://slack.5miles.com",
			"telegram":"https://t.me/cybermilestoken",
			"twitter":"https://twitter.com/cybermiles",
			"youtube":""
		}
	},
	{
		"symbol":"Dentacoin ",
		"address":"0x08d32b0da63e2C3bcF8019c9c5d849d7a9d791e6",
		"decimals":0,
		"name":"Dentacoin",
		"ens_address":"",
		"website":"",
		"logo":{

		},
		"support":{

		},
		"social":{
			"blog":"",
			"chat":"",
			"facebook":"",
			"forum":"",
			"github":"",
			"gitter":"",
			"instagram":"",
			"linkedin":"",
			"reddit":"",
			"slack":"",
			"telegram":"",
			"twitter":"",
			"youtube":""
		}
	},
	{
		"symbol":"KNC",
		"address":"0xdd974D5C2e2928deA5F71b9825b8b646686BD200",
		"decimals":18,
		"name":"Kyber Network",
		"ens_address":"",
		"website":"https://kyber.network",
		"logo":{
			"src":"",
			"width":"",
			"height":"",
			"ipfs_hash":""
		},
		"support":{
			"email":"hello@kyber.network",
			"url":""
		},
		"social":{
			"blog":"",
			"chat":"",
			"facebook":"",
			"forum":"",
			"github":"https://github.com/KyberNetwork",
			"gitter":"",
			"instagram":"",
			"linkedin":"",
			"reddit":"",
			"slack":"https://kybernetwork.slack.com",
			"telegram":"",
			"twitter":"https://twitter.com/KyberNetwork",
			"youtube":""
		}
	},
	{
		"symbol":"VERI",
		"address":"0x8f3470A7388c05eE4e7AF3d01D8C722b0FF52374",
		"decimals":18,
		"name":"Veritas",
		"ens_address":"",
		"website":"http://veritas.veritaseum.com/index.php",
		"logo":{
			"src":"",
			"width":"",
			"height":"",
			"ipfs_hash":""
		},
		"support":{
			"email":"reggie@veritaseum.com%20",
			"url":""
		},
		"social":{
			"blog":"",
			"chat":"",
			"facebook":"",
			"forum":"",
			"github":"",
			"gitter":"",
			"instagram":"",
			"linkedin":"",
			"reddit":"",
			"slack":"",
			"telegram":"",
			"twitter":"",
			"youtube":""
		}
	},
	{
		"symbol":"FSN",
		"address":"0xd0352a019e9ab9d757776f532377aaebd36fd541",
		"decimals":18,
		"name":"Fusion",
		"ens_address":"",
		"website":"",
		"logo":{

		},
		"support":{

		},
		"social":{
			"blog":"",
			"chat":"",
			"facebook":"",
			"forum":"",
			"github":"",
			"gitter":"",
			"instagram":"",
			"linkedin":"",
			"reddit":"",
			"slack":"",
			"telegram":"",
			"twitter":"",
			"youtube":""
		}
	},
	{
		"symbol":"BIX ",
		"address":"0xb3104b4b9da82025e8b9f8fb28b3553ce2f67069",
		"decimals":18,
		"name":"BIX Token",
		"ens_address":"",
		"website":"",
		"logo":{

		},
		"support":{

		},
		"social":{
			"blog":"",
			"chat":"",
			"facebook":"",
			"forum":"",
			"github":"",
			"gitter":"",
			"instagram":"",
			"linkedin":"",
			"reddit":"",
			"slack":"",
			"telegram":"",
			"twitter":"",
			"youtube":""
		}
	},
	{
		"symbol":"ETHOS",
		"address":"0x5af2be193a6abca9c8817001f45744777db30756",
		"decimals":8,
		"name":"Ethos",
		"ens_address":"",
		"website":"",
		"logo":{

		},
		"support":{

		},
		"social":{
			"blog":"",
			"chat":"",
			"facebook":"",
			"forum":"",
			"github":"",
			"gitter":"",
			"instagram":"",
			"linkedin":"",
			"reddit":"",
			"slack":"",
			"telegram":"",
			"twitter":"",
			"youtube":""
		}
	},
	{
		"symbol":"FUN",
		"address":"0x419D0d8BdD9aF5e606Ae2232ed285Aff190E711b",
		"decimals":8,
		"name":"Funfair",
		"ens_address":"",
		"website":"https://funfair.io",
		"logo":{
			"src":"",
			"width":"",
			"height":"",
			"ipfs_hash":""
		},
		"support":{
			"email":"",
			"url":""
		},
		"social":{
			"blog":"",
			"chat":"",
			"facebook":"",
			"forum":"",
			"github":"",
			"gitter":"",
			"instagram":"",
			"linkedin":"",
			"reddit":"https://www.reddit.com/r/FunfairTech/comments/6nadvm/funfair_token_contract_update",
			"slack":"https://funfair-slackin.herokuapp.com",
			"telegram":"",
			"twitter":"https://twitter.com/FunFairTech/status/885910956701876224",
			"youtube":""
		}
	},
	{
		"symbol":"QASH",
		"address":"0x618e75ac90b12c6049ba3b27f5d5f8651b0037f6",
		"decimals":6,
		"name":"QASH",
		"ens_address":"",
		"website":"https://liquid.plus",
		"logo":{
			"src":"",
			"width":"",
			"height":"",
			"ipfs_hash":""
		},
		"support":{
			"email":"",
			"url":"https://liquid-qash.zendesk.com"
		},
		"social":{
			"blog":"https://steemit.com/@quoineliquid",
			"chat":"",
			"facebook":"https://www.facebook.com/QUOINE.SG",
			"forum":"https://bitcointalk.org/index.php?topic=2256844",
			"github":"",
			"gitter":"",
			"instagram":"",
			"linkedin":"",
			"reddit":"https://www.reddit.com/r/QASH",
			"slack":"",
			"telegram":"https://t.me/QUOINE",
			"twitter":"https://twitter.com/quoine_SG",
			"youtube":"https://www.youtube.com/channel/UCOR2GJnFoOgTazC5v6mBTSA"
		}
	},
	{
		"symbol":"LOOM",
		"address":"0xa4e8c3ec456107ea67d3075bf9e3df3a75823db0",
		"decimals":18,
		"name":"LOOM",
		"ens_address":"",
		"website":"",
		"logo":{
			"src":"",
			"width":"",
			"height":"",
			"ipfs_hash":""
		},
		"support":{
			"email":"",
			"url":""
		},
		"social":{
			"blog":"",
			"chat":"",
			"facebook":"",
			"forum":"",
			"github":"",
			"gitter":"",
			"instagram":"",
			"linkedin":"",
			"reddit":"",
			"slack":"",
			"telegram":"",
			"twitter":"",
			"youtube":""
		}
	},
	{
		"symbol":"KIN",
		"address":"0x818Fc6C2Ec5986bc6E2CBf00939d90556aB12ce5",
		"decimals":18,
		"name":"Kin Foundation",
		"ens_address":"",
		"website":"https://kin.kik.com",
		"logo":{
			"src":"",
			"width":"",
			"height":"",
			"ipfs_hash":""
		},
		"support":{
			"email":"kin@kik.com",
			"url":""
		},
		"social":{
			"blog":"https://medium.com/kinfoundation",
			"chat":"",
			"facebook":"",
			"forum":"",
			"github":"https://github.com/kikinteractive/kin-token",
			"gitter":"",
			"instagram":"",
			"linkedin":"",
			"reddit":"https://www.reddit.com/r/KinFoundation",
			"slack":"https://kinfoundation.slack.com",
			"telegram":"",
			"twitter":"https://twitter.com/@kin_foundation",
			"youtube":""
		}
	},
	{
		"symbol":"NULS",
		"address":"0xb91318f35bdb262e9423bc7c7c2a3a93dd93c92c",
		"decimals":18,
		"name":"NULS",
		"ens_address":"",
		"website":"https://nuls.io",
		"logo":{
			"src":"",
			"width":"",
			"height":"",
			"ipfs_hash":""
		},
		"support":{
			"email":"hi@nuls.io",
			"url":""
		},
		"social":{
			"blog":"",
			"chat":"",
			"facebook":"https://www.facebook.com/nulscommunity",
			"forum":"",
			"github":"",
			"gitter":"",
			"instagram":"",
			"linkedin":"",
			"reddit":"https://www.reddit.com/r/nulsservice",
			"slack":"",
			"telegram":"https://t.me/Nulsio",
			"twitter":"https://twitter.com/nulsservice",
			"youtube":""
		}
	},
	{
		"symbol":"CTXC",
		"address":"0xea11755ae41d889ceec39a63e6ff75a02bc1c00d",
		"decimals":18,
		"name":"Cortex Coin",
		"ens_address":"",
		"website":"",
		"logo":{

		},
		"support":{

		},
		"social":{
			"blog":"",
			"chat":"",
			"facebook":"",
			"forum":"",
			"github":"",
			"gitter":"",
			"instagram":"",
			"linkedin":"",
			"reddit":"",
			"slack":"",
			"telegram":"",
			"twitter":"",
			"youtube":""
		}
	},
	{
		"symbol":"POLY",
		"address":"0x9992eC3cF6A55b00978cdDF2b27BC6882d88D1eC",
		"decimals":18,
		"name":"Polymath Network",
		"ens_address":"",
		"website":"https://polymath.network",
		"logo":{
			"src":"",
			"width":"",
			"height":"",
			"ipfs_hash":""
		},
		"support":{
			"email":"support@polymath.zendesk.com",
			"url":""
		},
		"social":{
			"blog":"https://blog.polymath.network",
			"chat":"",
			"facebook":"",
			"forum":"",
			"github":"",
			"gitter":"",
			"instagram":"",
			"linkedin":"",
			"reddit":"",
			"slack":"",
			"telegram":"http://t.me/polymathnetwork",
			"twitter":"https://twitter.com/polymathnetwork",
			"youtube":""
		}
	},
	{
		"symbol":"SUB",
		"address":"0x12480E24eb5bec1a9D4369CaB6a80caD3c0A377A",
		"decimals":2,
		"name":"Substratum",
		"ens_address":"",
		"website":"https://substratum.net",
		"logo":{
			"src":"",
			"width":"",
			"height":"",
			"ipfs_hash":""
		},
		"support":{
			"email":"",
			"url":""
		},
		"social":{
			"blog":"",
			"chat":"",
			"facebook":"",
			"forum":"",
			"github":"",
			"gitter":"",
			"instagram":"",
			"linkedin":"",
			"reddit":"https://www.reddit.com/r/SubstratumNetwork",
			"slack":"http://x.co/SubSlack",
			"telegram":"",
			"twitter":"https://twitter.com/SubstratumNet",
			"youtube":""
		}
	},
	{
		"symbol":"MANA",
		"address":"0x0F5D2fB29fb7d3CFeE444a200298f468908cC942",
		"decimals":18,
		"name":"Decentraland MANA",
		"ens_address":"",
		"website":"https://decentraland.org",
		"logo":{
			"src":"",
			"width":"",
			"height":"",
			"ipfs_hash":""
		},
		"support":{
			"email":"",
			"url":""
		},
		"social":{
			"blog":"https://blog.decentraland.org",
			"chat":"",
			"facebook":"",
			"forum":"",
			"github":"https://github.com/decentraland",
			"gitter":"",
			"instagram":"",
			"linkedin":"",
			"reddit":"",
			"slack":"https://slack.decentraland.org",
			"telegram":"",
			"twitter":"https://twitter.com/decentraland",
			"youtube":""
		}
	},
	{
		"symbol":"ENG",
		"address":"0xf0ee6b27b759c9893ce4f094b49ad28fd15a23e4",
		"decimals":8,
		"name":"Enigma",
		"ens_address":"",
		"website":"https://enigma.co/",
		"logo":{
			"src":"",
			"width":"",
			"height":"",
			"ipfs_hash":""
		},
		"support":{
			"email":"info@enigma.co",
			"url":""
		},
		"social":{
			"blog":"https://blog.enigma.co/",
			"chat":"",
			"facebook":"https://www.facebook.com/enigmacatalyst/",
			"forum":"",
			"github":"https://github.com/enigmampc",
			"gitter":"",
			"instagram":"",
			"linkedin":"",
			"reddit":"https://www.reddit.com/r/enigmacatalyst",
			"slack":"https://slack.enigma.co/",
			"telegram":"https://t.me/enigmacatalyst",
			"twitter":"https://twitter.com/enigmampc",
			"youtube":""
		}
	},
	{
		"symbol":"DRGN",
		"address":"0x419c4db4b9e25d6db2ad9691ccb832c8d9fda05e",
		"decimals":18,
		"name":"Dragon",
		"ens_address":"dragonchain.eth",
		"website":"https://dragonchain.com",
		"logo":{
			"src":"https://dragonchain.com/assets/images/dragon.png",
			"width":813,
			"height":879,
			"ipfs_hash":""
		},
		"support":{
			"email":"support@dragonchain.com",
			"url":""
		},
		"social":{
			"blog":"https://dragonchain.com/blog",
			"chat":"https://t.me/dragontalk",
			"facebook":"",
			"forum":"",
			"github":"https://github.com/dragonchain/dragonchain",
			"gitter":"",
			"instagram":"",
			"linkedin":"https://www.linkedin.com/company/18216867",
			"reddit":"https://www.reddit.com/r/dragonchain",
			"slack":"",
			"telegram":"https://t.me/dragontalk",
			"twitter":"https://twitter.com/dragonchaingang",
			"youtube":"https://www.youtube.com/channel/UC2_StJYNWFrQz2wiL8n6hoA/videos"
		}
	},
	{
		"symbol":"THETA",
		"address":"0x3883f5e181fccaf8410fa61e12b59bad963fb645",
		"decimals":18,
		"name":"Theta Token",
		"ens_address":"",
		"website":"https://www.thetatoken.org/",
		"logo":{
			"src":"",
			"width":"",
			"height":"",
			"ipfs_hash":""
		},
		"support":{
			"email":"support@thetatoken.org",
			"url":""
		},
		"social":{
			"blog":"",
			"chat":"",
			"facebook":"facebook.com/ThetaToken/",
			"forum":"",
			"github":"",
			"gitter":"",
			"instagram":"",
			"linkedin":"",
			"reddit":"reddit.com/r/thetatoken/",
			"slack":"",
			"telegram":"https://t.me/thetatoken",
			"twitter":"twitter.com/thetatoken",
			"youtube":""
		}
	},
	{
		"symbol":"POWR",
		"address":"0x595832f8fc6bf59c85c527fec3740a1b7a361269",
		"decimals":6,
		"name":"PowerLedger",
		"ens_address":"",
		"website":"https://powerledger.io",
		"logo":{
			"src":"",
			"width":"",
			"height":"",
			"ipfs_hash":""
		},
		"support":{
			"email":"mc@powerledger.io",
			"url":""
		},
		"social":{
			"blog":"",
			"chat":"",
			"facebook":"",
			"forum":"",
			"github":"",
			"gitter":"",
			"instagram":"",
			"linkedin":"",
			"reddit":"",
			"slack":"",
			"telegram":"",
			"twitter":"",
			"youtube":""
		}
	},
	{
		"symbol":"STORM",
		"address":"0xD0a4b8946Cb52f0661273bfbC6fD0E0C75Fc6433",
		"decimals":18,
		"name":"Storm Token",
		"ens_address":"",
		"website":"https://www.stormtoken.com",
		"logo":{
			"src":"",
			"width":"",
			"height":"",
			"ipfs_hash":""
		},
		"support":{
			"email":"info@stormtoken.com",
			"url":""
		},
		"social":{
			"blog":"",
			"chat":"",
			"facebook":"https://www.facebook.com/stormtoken",
			"forum":"",
			"github":"",
			"gitter":"",
			"instagram":"",
			"linkedin":"",
			"reddit":"",
			"slack":"",
			"telegram":"https://t.me/joinchat/GHTZGQwsy9mZk0KFEEjGtg",
			"twitter":"https://twitter.com/storm_token",
			"youtube":""
		}
	},
	{
		"symbol":"GTO",
		"address":"0xc5bbae50781be1669306b9e001eff57a2957b09d",
		"decimals":5,
		"name":"Gifto",
		"ens_address":"",
		"website":"https://gifto.io/",
		"logo":{
			"src":"",
			"width":"",
			"height":"",
			"ipfs_hash":""
		},
		"support":{
			"email":"",
			"url":""
		},
		"social":{
			"blog":"https://medium.com/@GIFTO",
			"chat":"",
			"facebook":"https://www.facebook.com/gifto.io/",
			"forum":"",
			"github":"https://github.com/GIFTO-io",
			"gitter":"",
			"instagram":"",
			"linkedin":"",
			"reddit":"https://www.reddit.com/user/GIFTO-io/",
			"slack":"",
			"telegram":"https://t.me/GIFTOOfficial",
			"twitter":"https://twitter.com/GIFTO_io",
			"youtube":""
		}
	},
	{
		"symbol":"MTC",
		"address":"0x905E337c6c8645263D3521205Aa37bf4d034e745",
		"decimals":18,
		"name":"Medical Token Currency",
		"ens_address":"",
		"website":"https://ico.docademic.com/",
		"logo":{
			"src":"https://cdn.docademic.com/images/ico/mtc200.png",
			"width":"200",
			"height":"200",
			"ipfs_hash":""
		},
		"support":{
			"email":"support@docademic.com",
			"url":""
		},
		"social":{
			"blog":"https://news.docademic.com",
			"chat":"",
			"facebook":"https://www.facebook.com/docademic",
			"forum":"",
			"github":"https://github.com/Docademic",
			"gitter":"",
			"instagram":"https://www.instagram.com/docademic/",
			"linkedin":"https://www.linkedin.com/company/doctordice/",
			"reddit":"https://www.reddit.com/user/Docademic/",
			"slack":"",
			"telegram":"https://t.me/docademicofficial",
			"twitter":"https://twitter.com/docademic",
			"youtube":"https://www.youtube.com/channel/UCnF48IoeGNu6P78ABB2XhSw/videos?view_as=subscriber"
		}
	},
	{
		"symbol":"MCO",
		"address":"0xB63B606Ac810a52cCa15e44bB630fd42D8d1d83d",
		"decimals":8,
		"name":"MCO",
		"ens_address":"",
		"website":"",
		"logo":{
			"src":"",
			"width":"",
			"height":"",
			"ipfs_hash":""
		},
		"support":{
			"email":"",
			"url":""
		},
		"social":{
			"blog":"",
			"chat":"",
			"facebook":"",
			"forum":"",
			"github":"",
			"gitter":"",
			"instagram":"",
			"linkedin":"",
			"reddit":"",
			"slack":"",
			"telegram":"",
			"twitter":"",
			"youtube":""
		}
	}
]